text,label
warung ini dimiliki oleh pengusaha pabrik tahu yang sudah puluhan tahun terkenal membuat tahu putih di bandung tahu berkualitas dipadu keahlian memasak dipadu kretivitas jadilah warung yang menyajikan menu utama berbahan tahu ditambah menu umum lain seperti ayam semuanya selera indonesia harga cukup terjangkau jangan lewatkan tahu bletoka nya tidak kalah dengan yang asli dari tegal,positive
mohon ulama lurus dan k212 mmbri hujjah partai apa yang harus diwlh agar suara islam tidak pecahpecah,neutral
lokasi strategis di jalan sumatera bandung tempat nya nyaman terutama sofa di lantai 2 paella nya enak sangat pas dimakan dengan minum bir dingin appetiser nya juga enakenak,positive
betapa bahagia nya diri ini saat unboxing paket dan barang nya bagus menetapkan beli lagi,positive
duh jadi mahasiswa jangan sombong dong kasih kartu kuning segala belajar dulu yang baik tidak usahlah ikutikut politik nanti sudah selesai kuliah nya mau ikut politik juga tidak telat dasar mahasiswa,negative
makanan beragam harga makanan di food stall akan ditambahkan 10 lagi di kasir suasana ramai dan perlu perhatian untuk mendapatkan parkir dan tempat duduk,positive
pakai kartu kredit bca tidak untung malah rugi besar,negative
tempat unik bagus buat foto makanan enak pegawai ramah bersih dan luas wifi kencang harga standar dan sesuai dengan tempat nya ada menu masakan makanan barat dan indonesia menu favorit lychee mojito dan spagheti,positive
saya bersama keluarga baru saja menikmati pengalaman kuliner yang menyenangkan di rm sari sunda di jalan setiabudhi bandung tapi karena tidak ada hubungan untuk rm sari sunda di jalan setiabudhi maka saya tuliskan di sini jadi maaf jika rekanrekan pembaca ada yang bingung beberapa hal yang saya suka dari restoran ini adalah bahwa pelayanan restoran ini terbilang cepat,positive
bersyukur,positive
simcard indosat inaktiv garagara lupa isi pulsa dan kabar nya aktif jika pinda ke pasca bayar ribet banget,negative
sifat iri sering muncul pada orang orang yang tidak punya tujuan hidup,negative
sekadar menceritakan pengalaman saya pesan steak grilled beef 200 tidak disajikanlah steak 200 tidak tersebut dalam 2 potongan 100 tidak 100 tidak rasanya tidak buruk namun kualitas daging nya yang membuat saya enggan memesan menu beef lagi khusus nya sirloin karena lemak nya terlalu banyak untuk ukuran steak namun masih ada menumenu lain yang sangat menempel di lidah saya sarankan untuk membeli menu berlabel cheese atau lanjutan,positive
pengalaman bersama indosat hari ini semoga tidak terjadi pada pelanggan lain sempat sampai marahmarah dengan pelayanan pelanggan indosat,negative
anak sekarang sulit untuk dinasehati,negative
hanya mengatasi masalah kayak gini saja anies sandi tidak becus ke mana saja pasukan kebersihan yang begitu banyak jumlah nya,negative
setiap bumn dibentuk dengan uu bukan dibentuk dengan uu,neutral
sehabis puas bermain di trans studio bandung saya bersama teman sepakat untuk makan ayam kakek di sini ayam nya selalu enak dan gurih,positive
rasa bakso cuanki dan batagor cukup selalu ramai pengunjung buka sekitar jam 10 pagi dari jalan riau menuju jalan a yani ada sisi kiri jalan sekitar jalan anggrek harga per porsi sekitar rp 14 000 datanglah lebih awal karena selalu ramai pengunjung,positive
sgwr 2018 beri dampak positif terhadap hobi anakanak,positive
berada di lembang pemandangan indah udara sejuk penataan resto yang bagus dilengkapi dengan makanan yang sangat nikmat pilihan menu beragam dan minuman yang lengkap lingkungan yang cocok untuk makan berdua dengan pasangan membawa keluarga ataupun bersama dengan teman lapangan parkir luas restoran yang berkonsep terbuka ini membuat udara lembang sangat terasa sejuk nya,positive
berbuka puasa di sini pada minggu lepas pak supir yang mencadangkan tempat makan ini makanan nya di sini sedap dan harga berpatutan tempat nya luas dan cantik rekomendasi too others to dine in here to rasa authentic sunda makanan indonesia,positive
hahaha suka banget nonton kartun indonesia keluarga pak tomat,positive
bagi temanteman yang sedang berkunjung ke bandung bisa mampir ke kopi anjis untuk makan makanan yang tidak terlalu berat ada cilok rakyat ditemankan dengan teh sereh dan lekker,positive
di restoran ini saya dan keluarga makan malam yang terakhir di bandung kami berjumlah 8 orang dan bila nya hanya sekitar 400 an benarbenar murah meriah sampai makan doubledouble lagi makanan nya juga enak suasana kafe menarik pelayanan sangat bagus saya masih teringat petunjuk toilet yang ada di restoran ini men to the pergi karena momen are selalu ribut hahahaha setimpal,positive
alhamdulillah hari ini tidak ke jalan bugel agak kesal juga kalau tiap hari lewat sana melulu sempit dua arah macet sudah jadi makanan seharihari,negative
respon agak lama sama sayang nya rem nya bukan asli masih rom distrobitor,negative
lokasi dengan pemandangan alam yang masih natural dan indah suasana juga sejuk dan tenang hanya saja banyak nyamuk dan harga makanan relatif mahal,positive
pdip sebut ridwan kamil menang karena berbaju merah,neutral
malu maluin nih oknum yang tidak bertanggung jawab,negative
makan siang di sini asyik juga nuansa bali walaupun music nya musik sunda kadang musik khas bali bergantian tempat nya enak dan adem tapi sayang sekali pesan kopi lama banget datang nya diminta berkali kali iya pak iya pak hampir 1 jam dan ketika kopi datang pun bukan kopi panas tapi kopi ade ini kah ciri khas kopi di sini kalau khas nya kopi dingin tidak enak,negative
tempat steak di bandung sejak lama dari zaman setiabudi sampai sekarang buka cabang di riau tempat di riau ini lebih besar parkiran juga tidak sulit seperti di setiabudi lokasi di tempat kuliner jalan riau porsi dan harga nya pas untuk ukuran steak untuk zoom non smoking nya nyaman,positive
0830 kedatangan presiden ri dan rombongan di gate 2 terminal 3 disambut oleh menteri perhubungan menteri bumn gubernur banten dirjen perkeretaapian kemhub dirut ap2 dirut pt kami dan dirut railink,neutral
makanan tradisional yang selalu rasanya stabil iga garang asam nya dan java steak nya jangan lupa ya dicoba hidangan penutup semua kue enak lemper soes fla gulung enak sekali tidak ada yang tidak enak kalau makanan di sini,positive
sampai saat ini saya rasa batagor ini masih yang terenak di kota bandung dibandingkan dengan batagor lainnya yang saya pernah coba bumbu kacang nya pas rasanya di lidah dan batagor nya juga tidak amis bau nya silakan mencoba untuk yang belum pernah coba,positive
aroma khas yang ada jika makan di atas daun pisang ya walau ramai tempat ini selalu jadi favourit saya jika ke bandung,positive
akhir tahun lalu saya dan keluarga berjalan ke daerah lembang dan tidak sengaja mampir makan di resto ini suasana nya nyaman pelayanan juga ramah dan berlebihan ala kami puas makanan yang di sajikan standar seperti makanan di restoran pada umum nya tetapi yang membuat berbeda adalah sambal stroberi yang yummy dan bikin ketagihan di sana selain bisa makan kita juga bisa sambil memetik lanjutan,positive
risma menjatuhkan pilihan nya pada gus ipul puti di pilgub jatim 2018 ini,neutral
pengalaman yang cukup seru makan tanpa alas piring tapi hanya dengan alas daun makin nikmat makanan sunda yang sangat bervariatif dan cukup enak tips nya jangan terbawa emosi dan kalap memesan dan memilih semua makanan yang disediakan biasanya kalap kalau sudah melihat makanan macammacam begitu pilih seperlunya,positive
makanan nya enak suasana nyaman harga bisa dibilang sama dengan tempat lain restoran ini ada 4 konsep tapi yang paling terkenal menu jepang nya yang enak loh,positive
kampung daun adalah tempat makan yang menyatukan konsep alam dan budaya dari daerah setempat walaupun di dalam kompleks perumahan akan tetapi tempat tersebut cukup luas mempunyai mungkin sekitar 20 lebih saung tempat makan dari yang kapasitas sedang hingga besar kualitas makanan enak dan dengan ada nya suara riak air dari air terjun kecil di sana membuat suasana sangat nyaman untuk makan,positive
waktu itu ke sini pesan nasi goreng dan kentang goreng nasi goreng nya semua suka kentang goreng nya enak banget dan presentasi nya bagus keluarga bilang kopi nya enak hal yang sangat baik di sini adalah tempat nya luas dan yang di luar bisa lihat pemandangan dusun bambu tapi pelayanan nya tidak cepat sehingga saya harus bertanya beberapa kali tentang pesanan saya harga nya cukup mahal namun karena makanan nya enak semua jadi terbayarkan tidak perlu pikir dua kali jika mau ke tempat ini lagi,positive
banyak sekali tempat makan sunda yang bertebaran di kota bandung tetapi tidak tahu kenapa saya sangat jatuh hati dengan sebuah warung makan ini ibu imas yang berada di dekat alunalun kota bandung menyuguhkan rumah makan sunda dengan karakter warung nasi zaman dahulu yang di mana kita bisa mengambil semua hidangan di depan kita tanpa harus melalui proses order yang biasa kita jumpai di warung makan,positive
hai tolong bantu saya tidak bisa input tidak resi jne dan kenomor resi sudah dipakai,neutral
foods menu baru cheeseburger nya oke banget dan chicken wings pizza hut memang selalu juara dirilis mixing green tea yakult perfect satusatunya kekurangan pizza hut adalah pinggiran nya,positive
dusun bambu ini tergolong baru di bandung tempat nya yang dekat banget sama almamater saya membuat saya gampang cari ini tempat pemandangan nya bagus banyak tempat makan yang enakenak beli nya nanti pakai voucher,positive
tidak memuaskan,negative
suruh ngaca pemain nya dasar oneng ngomong saja masih ala betawi lu kampungan,negative
kafe ini menyajikan sensasi makan dalam gelap cukup unik sih tetapi lebih dari sekali rasanya orang jarang datang lagi hanya menarik untuk sekadar mencoba,negative
sesuai dengan nama nya mi awie kedai makan ini menyediakan menu mi dengan olahan daging babi selain mi masih ada pilihan lainnya seperti nasi goreng babi capjay goreng bakso pangsit dan lainnya kami mencoba menu mi babi casau special rasanya enak banget,positive
mardani ali sera kemenangan di sosial media akan selalu kemenangan di dunia nyata,neutral
terakhir ke tempat ini beberapa tahun yang lalu ketika masih berupa kafe sekaramg sudah jadi penginapan dan boutique hotel untuk yang travel bareng anakanak pasti suka menginap di sini ada playground yang seru swimming pool high rope flying fox kalau menginap dapat tiket gratis dan petik stroberi perlu pesan karena suka ramai menginap di sini banyak pilihan kamar enak,positive
selamat pagi wah kecewa berat masa indihome internet tidak kocek lagi saya itu bayar mahal jangan kecewakan kami sebagai pelanggan,negative
pokok nya kurang kurang afdol kalau ke lembang atau ke bandung tidak mampir ke sini 4 humas naik buat kampung daun,positive
kfc bandung supermall fasilitas nya lengkap luas agak jarang ditemukan dikfc lainnya keramahtamaan karyawan nya juga sangat bagus,positive
restoran sapu lidi memilik keunikan tersendiri serasa makan di tengah sawah dikelilingin kolam ikan dan juga nuansa persawahan menu nya seperti makanan sunda lainnya tapi ada satu menu favorit saya jamur bakar enak banget,positive
nkri bersyariah fpi revolusi akhlaq suara keadilan laugh semua pada tersandung kasus fpi ulama nya tersandung obrolan mesum tidak berani pulang nkri bersyariah berarti tidak mengamalkan pancasila sungguh miris,negative
bikin macet saja nih orang,negative
singapura selidiki penjualan prt indonesia di situs daring,neutral
sampai kapan pun saya tidak akan memilih orang pengecut seperti prabowo menurut saya dia tidak pantas memimpin negara,negative
jangan terlalu banyak iklan perbaiki dulu jaringan kalian yang lamban,negative
kalau orang tiongkok masuk indonesia baru bisa maju kalau andalkan orang pribumi otak nya jongkok,negative
sok pencitraan sekali basi sama gaya lu lebih wibawa yang seragam coklat top deh buat pak anies,negative
sangat melelahkan malam ini,negative
marah,negative
tidak dong aku pilih sby eh pilih prabowo maksude dan yang akan datang aku pilih yang selain jokowi seperti biasanya yang selain dari partai banteng moncong tepung grinningfacewithsmilingeyes,negative
ini pertama kali saya makan abuba steak di luar jakarta rasanya agak berbeda dengan yang saya biasa nikmati di abuba steak jakarta kurang enak suasana restoran nya oke toilet nya sudah agak tua harus sedikit diperbaharui,negative
ini xl jaringan nya jelek banget ya,negative
saya sebagai warga jakarta malu kang sama oknum yang tidak bertanggung jawab yang mau sweeping bobotoh,negative
para cebong yang selama ini menuduh saya mencuri uang sedekah 30 silakan anda urus si aris wahyudi ini dia ambil komisi 20 untuk transaksi pelacuran berkedok agama berani tidak membulat si aris wahyudi ini atau kamu semua cuma berani sama jonru,negative
suasana di kantor dpc kab bogor menjelang pidato awal tahun 2018 oleh,neutral
kalau djarum memang agak tidak kuat dia baru kerasa tidak bagus nya pas akhir bakaran,negative
bakmi tasik saya dan beberapa teman mampir dan coba bakmi bakso nya makanan nya biasabiasa saja tidak ada yang special,negative
dizaman ini masih ada mbak mbak online shop yang tidak tahu aplikasi gojek gocar gosend ya allah bodoh sekali jualan dihutan aku rasa,negative
lokasi tes tidak jelas ditelepon tidak diangkat di email cuma auto reply tidak rekomendasi aku baru sadar something adalah wong pas mampir ke kantor nya dan mereka cerita bahwa pernah held tes di hotel dan ruang sebelah ada kondangan they told that without remorse,negative
yue ke hotel yang di mongkok hongkong tidak ada bulan juni lalu saya booked dan sudah bayar untuk 2 kamar tapi hotel tidak ditemukan,negative
orang cina makanan legendaris sudah lama banget nih orang cina makanan satu ini semuanya enak yang tidak enak cuma parkir nya saja aujubila susah nya parkir harus di seberang karena depan resto trotoar jadi harus sabar sekalisekali sedih deh,negative
hasil quick count pilgub kaltim 2018 isran hadi unggul,neutral
nanda mulai bekerja di dhl indonesia bulan depan,neutral
kubu djarot klaim unggul di real count sementara,neutral
kericuhan yang terjadi pengujung debat kedua pilgub jabar pada 14 mei 2018 yang lalu menimbulkan silang pendapat dari para kontestan debat,neutral
menurut sby yang dipilih dari pilkada adalah sosok bukan partai politik,neutral
angka satu dianggap menjadi pembawa hoki di pilkada jawa,neutral
temui anies sandi sudirman said bahas finalisasi tim gubernur mantan ketua tim sinkronisasi anies sandi sudirman said menyambangi balai kota untuk membahas finalisasi tim gubernur anies baswedan,neutral
minimal mohon bantuan nya order saya belum diambil berng nya oleh driver gojek tetapi status nya sudah dalam proses pengantaran,neutral
prediksi persija jakarta vs psis semarang 18 september 2018,neutral
kebakaran hutan di sumbing meluas,neutral
saya sudah registrasi tapi tidak dapat sms dari 5111,neutral
ketua dpr ingin agresivitas berutang harus dikontrol,neutral
memasang foto editan rizieq pakai topi santa claus ade armando dipolisikan,neutral
saya menjadi seorang editor di national geographic indonesia,neutral
tenggak miras oplosan dua pelajar di tasikmalaya tewas,neutral
periksa setya novanto kpk telusuri keterlibatan pihak lain di korupsi ektp,neutral
dia biasanya membeli tisu paseo,neutral
tweeps bila kamu selesai transaksi mengirim pastikan cek kembali alamat di resi sebelum meninggalkan counter jne pondok timur ya,neutral
info refundable atau tidak sudah terdapat di pesan summary dan saat pengisian data penumpang ya,neutral
merefleksikan penyelenggaraan pelayan publik di kepris,neutral
biar besok jadi anggota dpr,neutral
tokohtokoh penggerak gerakan partai pki indonesia sby iwan skeneder paul dundes woolvowiz oliver north calvin haris agung sasongko putra mas agung agung priyambodo eko pratomo curup jehan dan si kopral pki tri sutrisno cs,neutral
gus mus bela dan doakan menteri susi pudjiastuti via,neutral
sudah di revisi om dengan,neutral
berita indonesia perdagangan bei ditutup presiden bangga ihsg tembus 6355,neutral
